"site_id","arithmean_level_par","arithmean_season_par","arithmean_trend_par","firstmax_level_par","firstmax_season_par","firstmax_trend_par"
1,0,1,0.499840475114867,0,1,0.499840475500762
2,0,1,0.499936139401744,0,1,0.499936139406405
3,0,1,0.499688663020858,0,1,0.49968866310451
5,0,1,0.499946960256322,0,1,0.499946960256322
7,0,1,0.499696491726182,0,1,0.499696492272259
8,0,1,0.499771156205462,0,1,0.499771156216831
9,0,1,0.499407199024626,0,1,0.499407208986326
10,0,1,0.499941570845225,0,1,0.499941570865757
11,0,1,0.499788097020158,0,1,0.499788097165502
12,0,1,0.499831797217009,0,1,0.499831798018903
13,0,1,0.499841524122344,0,1,0.499841524127008
14,0,1,0.499777965190604,0,1,0.499777965358031
16,-2.77555756156289e-17,1,0.499903520951766,0,1,0.499903532817135
17,0,1,0.499837740738171,0,1,0.499837741278362
18,0,1,0.499851902784634,0,1,0.49985190362727
19,0,1,0.499877742489012,0,1,0.499877742534958
21,0,1,0.499808352323303,0,1,0.499808360023224
22,0,1,0.499922312860846,0,1,0.4999223134317
23,0,1,0.499941620149228,0,1,0.49994162029796
24,0,1,0.499911192057904,0,1,0.499911192227992
25,0,1,0.499803639400716,0,1,0.499803644044413
27,0,1,0.49985635154408,0,1,0.499856351563517
28,0,1,0.49993774141512,0,1,0.499937741416995
29,0,1,0.499562984091161,0,1,0.499562985869219
30,0,1,0.499150787387162,0,1,0.49915079697276
32,0,1,0.499914845105407,0,1,0.499914845138222
33,0,1,0.499910511745314,0,1,0.499910512732088
35,0,1,0.49989467512961,0,1,0.49989467492229
36,0,1,0.499939487072368,0,1,0.499939487172871
37,0,1,0.499838793967731,0,1,0.499838794106386
39,0,1,0.499865787808031,0,1,0.499865787837656
40,0,1,0.499834101211773,0,1,0.499834101214969
42,0,1,0.499320335817962,0,1,0.499320338441556
43,0,1,0.498646457901423,0,1,0.498646477449284
44,0,1,0.499940389801877,0,1,0.499940389815441
45,0,1,0.499932474877621,0,1,0.499932475234047
47,0,1,0.499890077490805,0,1,0.499890086121147
48,0,1,0.499912027030291,0,1,0.499912028201595
49,0,1,0.499825104000189,0,1,0.499825104000189
50,0,1,0.499868405576474,0,1,0.49986842805302
51,0,1,0.499859469743418,0,1,0.499859471112749
52,0,1,0.499796990504255,0,1,0.499796994001477
54,0,1,0.49984983538098,0,1,0.499849841676357
56,0,1,0.49993140857455,0,1,0.499931408938375
57,0,1,0.499945949169558,0,1,0.499945949337617
59,0,1,0.499748278987343,0,1,0.499748279433708
60,0,1,0.499786515963878,0,1,0.499786535936518
61,0,1,0.499881879807535,0,1,0.499881880405997
62,0,1,0.499938385732782,0,1,0.499938385832312
63,0,1,0.499902650378752,0,1,0.49990265043678
65,0,1,0.49989367845228,0,1,0.49989367845236
66,0,1,0.499686190933762,0,1,0.499686194475931
67,0,1,0.49958578558676,0,1,0.499585790502653
68,0,1,0.499918575996913,0,1,0.499918577036558
69,0,1,0.499935323033795,0,1,0.499935323033795
71,0,1,0.499928655226067,0,1,0.499928655297634
72,0,1,0.499711394240727,0,1,0.499711395083322
74,0,1,0.499690853208121,0,1,0.499690853267169
75,0,1,0.499917015071368,0,1,0.499917020927802
76,0,1,0.49978180874698,0,1,0.499781813844399
77,0,1,0.499700323746434,0,1,0.499700330113348
79,0,1,0.499704435147333,0,1,0.499704437931932
81,0,1,0.499932935977809,0,1,0.499932936631979
82,0,1,0.49972429529238,0,1,0.499724295426758
83,0,1,0.499905492640614,0,1,0.499905493532463
85,0,1,0.499755378811722,0,1,0.499755379022532
86,0,1,0.499920783377323,0,1,0.499920783444722
87,0,1,0.499695499560754,0,1,0.499695503124754
88,0,1,0.495191245049216,0,1,0.49519125358504
89,0,1,0.49742251219237,0,1,0.497422516823413
90,0,1,0.499931244281337,0,1,0.49993124542013
91,0,1,0.499772217746695,0,1,0.499772223481518
92,0,1,0.499922865506432,0,1,0.499922865731412
93,0,1,0.499599362333443,0,1,0.499599366088495
94,0,1,0.499745836513045,0,1,0.499745836718624
95,0,1,0.499934254888418,0,1,0.499934255635019
96,0,1,0.499870009407342,0,1,0.499870009412796
97,0,1,0.499903829417229,0,1,0.499903830075912
98,0,1,0.499433953110951,0,1,0.499433960080771
99,0,1,0.499876902008895,0,1,0.499876902035227
101,0,1,0.499844394540666,0,1,0.499844396453817
103,0,1,0.4999344867776,0,1,0.49993448719618
104,0,1,0.499793263609403,0,1,0.499793270926736
107,0,1,0.499919284695032,0,1,0.499919284833522
108,0,1,0.49976288430646,0,1,0.499762890672476
110,0,1,0.499882353792893,0,1,0.499882354712971
111,0,1,0.499885374767622,0,1,0.499885381516196
112,0,1,0.499876591433527,0,1,0.499876591610853
113,0,1,0.499908561573412,0,1,0.499908561615394
114,0,1,0.49949038913364,0,1,0.499490400331687
115,0,1,0.296821326558747,0,1,0.296822275211629
116,0,1,0.499626751223955,0,1,0.499626755328101
117,0,1,0.499785524904031,0,1,0.499785528257677
118,0,1,0.499881157902228,0,1,0.499881162509111
119,0,1,0.499895410558704,0,1,0.499895415355882
120,0,1,0.499868731467468,0,1,0.499868731471867
121,0,1,0.493257828239863,0,1,0.493257835804228
122,0,1,0.499787104457065,0,1,0.49978710990608
123,0,1,0.499870307164923,0,1,0.499870307483948
125,0,1,0.499899649832719,0,1,0.499899651257988
127,0,1,0.499660010950439,0,1,0.499660011495401
128,-2.77555756156289e-17,1,0.499903684370395,0,1,0.499903684413406
129,0,1,0.499919789143763,0,1,0.499919789899402
130,0,1,0.499925920831159,0,1,0.499925923075394
131,0,1,0.499918141960422,0,1,0.499918144288541
132,0,1,0.499841523221248,0,1,0.499841525783476
134,0,1,0.499007312483104,0,1,0.499007322564488
136,0,1,0.49993604475159,0,1,0.499936045328216
137,0,1,0.49985075475332,0,1,0.499850754863176
138,0,1,0.499911600342926,0,1,0.499911600349015
139,0,1,0.499892919229239,0,1,0.499892919793655
140,0,1,0.499847733167324,0,1,0.499847735615274
141,0,1,0.499721893697669,0,1,0.499721895563094
143,0,1,0.499914126609124,0,1,0.499914126775657
146,0,1,0.499772478044218,0,1,0.499772481174356
147,0,1,0.499923753139099,0,1,0.499923753167923
148,0,1,0.499764866863317,0,1,0.499764867029642
149,0,1,0.499556604393656,0,1,0.499556604408362
151,0,1,0.499910846539404,0,1,0.499910846677868
152,0,1,0.49989736322999,0,1,0.499897364973277
153,0,1,0.499906640574567,0,1,0.499906640686547
154,0,1,0.499874296827104,0,1,0.499874303905288
155,0,1,0.499852204847057,0,1,0.499852208891342
157,0,1,0.499842408574558,0,1,0.49984240908523
158,0,1,0.499859379320013,0,1,0.499859379614067
159,0,1,0.499255105357282,0,1,0.499255108925985
161,0,1,0.499897637907784,0,1,0.499897637923083
162,0,1,0.499300887295744,0,1,0.499300893940839
163,0,1,0.499888350384915,0,1,0.499888357769024
164,0,1,0.499697194282297,0,1,0.4996972051532
165,0,1,0.499838331945772,0,1,0.499838331957768
166,0,1,0.499582985897141,0,1,0.499582989251212
167,0,1,0.499926951416995,0,1,0.499926951419545
168,0,1,0.499552763738855,0,1,0.499552763741165
170,0,1,0.499764447807885,0,1,0.499764447977267
171,0,1,0.49972412448507,0,1,0.499724124494015
173,0,1,0.49990812788035,0,1,0.499908127914709
174,0,1,0.499806245973359,0,1,0.49980625183351
176,0,1,0.499588128886646,0,1,0.499588133445969
177,0,1,0.499830506008562,0,1,0.499830513088018
178,0,1,0.499819520251026,0,1,0.499819521202734
179,0,1,0.49977248318592,0,1,0.499772484036162
182,0,1,0.499932003115311,0,1,0.499932003421614
183,0,1,0.499790035044341,0,1,0.499790036655335
184,0,1,0.499687628303821,0,1,0.499687629480544
186,0,1,0.499913003473092,0,1,0.499913004331331
187,0,1,0.499918526358247,0,1,0.499918526469156
188,0,1,0.499919355509995,0,1,0.499919355939689
189,0,1,0.499816533075013,0,1,0.499816535528156
190,0,1,0.499775621829237,0,1,0.499775628071284
195,0,1,0.499867387356846,0,1,0.499867387366402
196,0,1,0.499788388350639,0,1,0.499788388415794
198,0,1,0.499936087928301,0,1,0.499936088077463
200,0,1,0.499918545603248,0,1,0.499918545624331
201,0,1,0.499853393119694,0,1,0.499853393119694
203,0,1,0.499609856239507,0,1,0.499609860959645
205,0,1,0.499717043365214,0,1,0.49971704365282
207,0,1,0.499932258106654,0,1,0.499932258641022
208,0,1,0.499898933075775,0,1,0.499898933545119
209,0,1,0.499877000328009,0,1,0.499877000377984
210,0,1,0.499872541837077,0,1,0.499872541842419
211,0,1,0.499932977444825,0,1,0.499932977452843
212,0,1,0.499516454341614,0,1,0.499516461505231
213,0,1,0.499907040490878,0,1,0.499907040905048
214,0,1,0.499156266999063,0,1,0.499156276485262
215,0,1,0.499864668724238,0,1,0.499864678185494
217,-2.77555756156289e-17,1,0.499666299013048,0,1,0.499666305807263
220,0,1,0.499692165104893,0,1,0.49969216541233
221,0,1,0.499830051473381,0,1,0.4998300515152
223,0,1,0.499813566389094,0,1,0.499813575066476
224,0,1,0.499908152952077,0,1,0.499908153055771
225,0,1,0.499891134710492,0,1,0.499891137675569
226,0,1,0.49991496583433,0,1,0.499914965934584
227,0,1,0.499881534281849,0,1,0.499881534957789
230,0,1,0.499609610458595,0,1,0.499609622514772
231,0,1,0.499764035782005,0,1,0.499764039154506
233,0,1,0.499872444065049,0,1,0.499872445120767
235,0,1,0.499670473310024,0,1,0.499670473310619
236,0,1,0.499818412298383,0,1,0.499818412298383
237,0,1,0.499828341125202,0,1,0.499828342817608
238,0,1,0.499929137307772,0,1,0.499929137307843
239,0,1,0.499724405371845,0,1,0.499724405401218
240,0,1,0.499214953961805,0,1,0.4992149583788
241,0,1,0.493516569084823,0,1,0.493516578564657
242,0,1,0.499936593582039,0,1,0.499936593869776
243,0,1,0.499794721592199,0,1,0.499794721601245
244,0,1,0.499748913897378,0,1,0.499748917080602
245,0,1,0.49990718213497,0,1,0.499907182610908
246,0,1,0.4997594461792,0,1,0.499759448775096
247,0,1,0.499865099080959,0,1,0.499865099149583
248,0,1,0.499836079601572,0,1,0.499836083761775
249,0,1,0.499851254160094,0,1,0.499851254163857
250,0,1,0.49963709621474,0,1,0.499637100636584
251,0,1,0.499849259296847,0,1,0.499849265316384
252,0,1,0.499426865058165,0,1,0.499426870558995
253,0,1,0.499885353002984,0,1,0.499885353212432
256,0,1,0.499932951373363,0,1,0.499932951442676
257,0,1,0.499937168650404,0,1,0.499937168742633
258,0,1,0.498290536243528,0,1,0.498290546892575
260,0,1,0.499680148612062,0,1,0.499680158053939
261,0,1,0.499923729809636,0,1,0.499923729809636
262,0,1,0.499769510568958,0,1,0.499769511898533
263,0,1,0.499882893433259,0,1,0.499882894201547
264,0,1,0.499937698689344,0,1,0.499937698691372
265,0,1,0.499935049227839,0,1,0.499935049661835
266,0,1,0.499828667919934,0,1,0.499828667927911
267,0,1,0.499868395052778,0,1,0.499868395056387
268,0,1,0.499603265584088,0,1,0.499603276127596
269,0,1,0.499873744083521,0,1,0.499873745344057
271,0,1,0.499888631128088,0,1,0.49988863449735
273,0,1,0.499903822525368,0,1,0.499903822598136
274,0,1,0.49988949127338,0,1,0.499889491280943
277,0,1,0.499802364374708,0,1,0.499802364892195
278,0,1,0.499848145536012,0,1,0.499848146321425
279,0,1,0.496826479953678,0,1,0.496826489876715
280,0,1,0.499860278294125,0,1,0.499860279130521
282,0,1,0.49957463499887,0,1,0.499574635450004
283,0,1,0.499933475206375,0,1,0.499933475321707
284,0,1,0.499934476464885,0,1,0.499934476637427
287,0,1,0.499616907242662,0,1,0.499616909968639
288,0,1,0.499933865142666,0,1,0.49993386518411
290,0,1,0.499886730989422,0,1,0.499886731202042
291,0,1,0.49993594432571,0,1,0.499935944370387
294,0,1,0.499821925405943,0,1,0.499821925612422
295,0,1,0.499773747477037,0,1,0.499773752262985
296,0,1,0.499910295723422,0,1,0.499910296776794
297,0,1,0.499812177424183,0,1,0.499812179788087
298,0,1,0.499898452408654,0,1,0.49989845241623
299,0,1,0.499835067159162,0,1,0.499835067163035
300,0,1,0.49990484527263,0,1,0.49990484527263
302,0,1,0.49992050089963,0,1,0.499920500926263
305,0,1,0.499783576288443,0,1,0.499783580747267
306,0,1,0.499655033481308,0,1,0.499655042837993
308,0,1,0.499810761086452,0,1,0.499810761095325
309,0,1,0.490163265386872,0,1,0.490163407870567
310,0,1,0.499785052116027,0,1,0.499785052733501
311,0,1,0.499857704382916,0,1,0.499857704957539
312,0,1,0.499746815663948,0,1,0.499746815684882
314,0,1,0.49991381324759,0,1,0.499913813572888
315,0,1,0.499921512710378,0,1,0.499921513483946
317,0,1,0.499639922995676,0,1,0.499639922995818
318,0,1,0.499949655013323,0,1,0.499949655032442
319,0,1,0.499508733148056,0,1,0.499508736599062
320,0,1,0.499798981927415,0,1,0.499798982084736
321,0,1,0.499932123387001,0,1,0.49993212343901
322,0,1,0.499943873815148,0,1,0.499943873838454
323,0,1,0.499742480350051,0,1,0.499742489838521
325,0,1,0.499866141921075,0,1,0.499866141982372
327,0,1,0.499763227334804,0,1,0.499763227656458
328,0,1,0.499916346376935,0,1,0.499916346467341
329,0,1,0.498846519736959,0,1,0.498846526823721
331,0,1,0.499909368330716,0,1,0.499909368489687
332,0,1,0.49985964486542,0,1,0.499859645139519
333,0,1,0.499864132191469,0,1,0.499864132191943
334,0,1,0.499802410651666,0,1,0.499802411506803
336,0,1,0.49977885895791,0,1,0.499778860724347
337,0,1,0.301182785305335,0,1,0.301197393601114
338,0,1,0.499891594018618,0,1,0.499891594328455
340,0,1,0.499924167121718,0,1,0.49992416712613
341,0,1,0.499861826605088,0,1,0.49986182661955
342,0,1,0.499881848588004,0,1,0.499881848768106
343,0,1,0.499914898036182,0,1,0.499914898077215
346,0,1,0.499629378315025,0,1,0.499629382402615
347,0,1,0.499604999408432,0,1,0.499605008720476
348,0,1,0.499848083789182,0,1,0.499848084814894
349,0,1,0.499521264934455,0,1,0.499521268154055
351,0,1,0.499731567937545,0,1,0.499731568008445
352,0,1,0.499772959848027,0,1,0.499772970272425
353,0,1,0.499405196026814,0,1,0.499405200917002
354,0,1,0.49974260275682,0,1,0.499742602781173
355,0,1,0.499894890807519,0,1,0.499894895198958
356,0,1,0.499790012786429,0,1,0.499790014090626
357,0,1,0.499784263692037,0,1,0.499784263831097
358,0,1,0.499657031376541,0,1,0.499657032574857
359,0,1,0.499885367394518,0,1,0.499885367417289
360,0,1,0.499947722257343,0,1,0.499947722328527
361,0,1,0.49979178393619,0,1,0.499791793456832
362,0,1,0.499658387202867,0,1,0.499658387870839
363,0,1,0.499916982977357,0,1,0.4999169835367
364,0,1,0.499893407458513,0,1,0.499893408238799
365,0,1,0.49977566980086,0,1,0.499775678863782
366,0,1,0.499819021400203,0,1,0.499819021435973
367,0,1,0.499858265797186,0,1,0.499858265798789
371,-5.55111512312578e-17,1,0.499767700641212,0,1,0.499767699177308
372,0,1,0.499947021380274,0,1,0.499947021730808
373,0,1,0.49993758417146,0,1,0.499937584189259
374,0,1,0.499917245322953,0,1,0.499917245603827
375,0,1,0.499919084553473,0,1,0.499919084559303
376,0,1,0.499895160350974,0,1,0.49989516481267
377,0,1,0.49956166250896,0,1,0.49956167292568
378,0,1,0.499879996113375,0,1,0.499879996175214
379,0,1,0.499905831782355,0,1,0.499905832119955
380,0,1,0.499854772191484,0,1,0.499854772253346
381,0,1,0.499916810832759,0,1,0.499916810988263
383,0,1,0.499371334089662,0,1,0.499371347052615
384,0,1,0.499868092918504,0,1,0.499868094607476
386,0,1,0.499882916102565,0,1,0.499882918403662
387,0,1,0.499925580572306,0,1,0.499925580925826
388,0,1,0.498141392423629,0,1,0.498141401825113
389,0,1,0.499881482840426,0,1,0.499881482843769
390,0,1,0.499244880893415,0,1,0.499244889697072
391,0,1,0.499666074510439,0,1,0.499666075385989
392,0,1,0.49985556982803,0,1,0.49985556984801
393,0,1,0.499828421358798,0,1,0.499828422758626
394,0,1,0.499773192955757,0,1,0.499773196567945
395,0,1,0.49988048451876,0,1,0.499880484609695
397,0,1,0.499849473290976,0,1,0.49984947502656
398,0,1,0.499937605247468,0,1,0.499937605289941
399,0,1,0.499855314881028,0,1,0.499855314884048
401,0,1,0.499907071413696,0,1,0.499907073619947
402,0,1,0.499899431096168,0,1,0.499899431090627
403,0,1,0.499916967133216,0,1,0.499916967253992
404,0,1,0.499872568339265,0,1,0.499872568341768
406,0,1,0.499864048959627,0,1,0.499864048959686
409,0,1,0.499814457919216,0,1,0.499814457921261
412,0,1,0.499901910338265,0,1,0.499901910467348
413,0,1,0.499646206010862,0,1,0.499646206741923
414,0,1,0.499762879587575,0,1,0.499762879934688
415,0,1,0.499738648314094,0,1,0.499738648314136
418,0,1,0.499890339464359,0,1,0.499890350093996
419,0,1,0.480853100607551,0,1,0.480853107861955
420,0,1,0.49891762994997,0,1,0.49891763672657
421,0,1,0.499908601081759,0,1,0.499908601137936
422,0,1,0.499883953758788,0,1,0.499883954987724
423,0,1,0.499479446224352,0,1,0.499479455562033
424,0,1,0.499895082482711,0,1,0.49989508322083
426,0,1,0.499939126044478,0,1,0.49993912607753
427,0,1,0.499909330914029,0,1,0.499909330914112
428,0,1,0.499907882673187,0,1,0.499907883608421
429,0,1,0.499926845467939,0,1,0.499926845579674
430,0,1,0.499863446693797,0,1,0.499863447438468
431,0,1,0.499629488360891,0,1,0.49962948869932
433,0,1,0.499878760528019,0,1,0.499878761212161
435,0,1,0.499890135433563,0,1,0.499890135518126
437,0,1,0.499944805303731,0,1,0.499944805421401
441,0,1,0.499804291374999,0,1,0.499804291377322
443,0,1,0.499930642737328,0,1,0.499930643085568
446,0,1,0.499910871832818,0,1,0.49991087241096
447,-2.77555756156289e-17,1,0.499943883001644,0,1,0.499943883094381
448,0,1,0.499872890138319,0,1,0.499872890356731
449,0,1,0.499461656458211,0,1,0.499461662733378
450,0,1,0.499860620571619,0,1,0.499860622686691
451,0,1,0.499627581071612,0,1,0.499627588544591
452,0,1,0.499867624392398,0,1,0.49986762852906
453,0,1,0.499931217519725,0,1,0.49993121808582
454,0,1,0.499926626983194,0,1,0.499926628018218
455,0,1,0.499906410126422,0,1,0.4999064101519
456,0,1,0.49994935696275,0,1,0.49994935700809
457,0,1,0.499787435596589,0,1,0.499787435598271
458,0,1,0.498053693879121,0,1,0.498053698723229
459,0,1,0.499876698775927,0,1,0.499876699053562
460,0,1,0.499630635851354,0,1,0.499630637908165
461,0,1,0.499922087947803,0,1,0.499922088055546
462,0,1,0.499723182451897,0,1,0.499723182459518
464,0,1,0.499724133891309,0,1,0.499724133960843
465,0,1,0.499728565128409,0,1,0.49972856591621
466,0,1,0.499835151694479,0,1,0.499835158145493
467,0,1,0.499738883442606,0,1,0.499738883445371
468,0,1,0.499842731473564,0,1,0.499842731532647
471,0,1,0.499847198206663,0,1,0.499847199868273
472,0,1,0.499800557530594,0,1,0.499800557621015
473,0,1,0.499711000058154,0,1,0.499711001961819
474,0,1,0.499886170208696,0,1,0.499886170369192
475,0,1,0.499820546459739,0,1,0.499820548398597
477,0,1,0.499914259172885,0,1,0.499914261981441
478,0,1,0.498434091410929,0,1,0.498434093926789
480,0,1,0.499823122303801,0,1,0.499823122307891
481,0,1,0.499906619828994,0,1,0.499906620069896
482,0,1,0.499914744761229,0,1,0.499914744777713
483,0,1,0.499643397315414,0,1,0.49964339864916
484,0,1,0.499872849965553,0,1,0.499872855740691
485,0,1,0.499885589071639,0,1,0.499885590208474
487,0,1,0.499855891058087,0,1,0.49985589116111
488,0,1,0.499818769006672,0,1,0.499818769008715
489,0,1,0.499880393177911,0,1,0.499880394419317
490,0,1,0.499772354329851,0,1,0.499772355543513
491,0,1,0.499896301627071,0,1,0.499896301638826
492,0,1,0.499850587990327,0,1,0.499850592119921
493,0,1,0.499775690255025,0,1,0.499775691109411
494,0,1,0.499931069509115,0,1,0.49993107018005
495,0,1,0.499869776394405,0,1,0.499869787281225
496,0,1,0.499888160090127,0,1,0.499888160090127
497,0,1,0.499934636637556,0,1,0.499934636784794
498,0,1,0.499823646622308,0,1,0.499823646881977
499,0,1,0.499933953049019,0,1,0.499933953527252
500,0,1,0.499893174498733,0,1,0.499893174658133
502,0,1,0.499571328985946,0,1,0.499571334670935
503,0,1,0.499889233420009,0,1,0.499889233420009
504,0,1,0.499569177623793,0,1,0.499569181136205
505,0,1,0.499570150823751,0,1,0.499570150860847
506,0,1,0.49828082902474,0,1,0.498280830718678
507,0,1,0.499430236069693,0,1,0.499430240555086
508,0,1,0.499777515757792,0,1,0.499777515792566
509,-2.77555756156289e-17,1,0.499753327155318,0,1,0.499753328375201
510,0,1,0.49952579420545,0,1,0.49952579501524
512,0,1,0.499918432080652,0,1,0.499918432377069
513,0,1,0.498545164453645,0,1,0.498545166849548
514,0,1,0.499913911752504,0,1,0.499913911761327
515,0,1,0.499888911207042,0,1,0.499888911208155
516,0,1,0.499726899530775,0,1,0.499726899491272
517,0,1,0.165173308649796,0,1,0.165199542422424
518,0,1,0.499895463230967,0,1,0.499895466920808
520,0,1,0.499859050454702,0,1,0.499859050585188
521,0,1,0.499737718765659,0,1,0.499737722143208
522,0,1,0.499838503097881,0,1,0.499838508715269
523,0,1,0.499944805498334,0,1,0.499944805498334
524,0,1,0.499925211548134,0,1,0.499925211557478
526,0,1,0.498387932059287,0,1,0.498387935477333
527,0,1,0.499928588940751,0,1,0.499928588955906
528,0,1,0.499852945699078,0,1,0.499852946056944
529,0,1,0.499777056733831,0,1,0.499777064694952
530,0,1,0.499543215793066,0,1,0.499543217446113
531,0,1,0.49991067193861,0,1,0.499910672664772
532,0,1,0.439851815361743,0,1,0.439852547642339
534,0,1,0.498075174770615,0,1,0.498075179455113
535,0,1,0.499903532834785,0,1,0.499903532834785
536,0,1,0.499833593510426,0,1,0.499833593510426
537,0,1,0.499749491395672,0,1,0.499749492214758
538,0,1,0.499891792820626,0,1,0.499891794172277
539,0,1,0.499587931122761,0,1,0.49958793184674
540,0,1,0.499724944333892,0,1,0.499724944339456
541,0,1,0.499887298334496,0,1,0.499887299748389
542,0,1,0.499930623612374,0,1,0.499930623886792
543,0,1,0.499848203854477,0,1,0.499848204645191
544,0,1,0.499472656442013,0,1,0.499472664387305
545,0,1,0.499931501660428,0,1,0.499931502710889
547,0,1,0.499832529166638,0,1,0.499832534049455
548,0,1,0.499750294683121,0,1,0.499750300816849
550,0,1,0.499810024028216,0,1,0.499810024251269
553,0,1,0.499874488748754,0,1,0.499874489247209
556,0,1,0.499826656673436,0,1,0.499826656701004
557,0,1,0.49940563032141,0,1,0.499405634919869
558,0,1,0.499700774379865,0,1,0.499700774381527
559,0,1,0.499707896771649,0,1,0.499707897360928
563,0,1,0.499845825770111,0,1,0.499845831643932
564,0,1,0.499920677499782,0,1,0.499920677499817
565,0,1,0.0970761311347526,0,1,0.499656194133797
568,0,1,0.49976679870924,0,1,0.499766798897689
569,0,1,0.499831945320603,0,1,0.49983194533621
570,0,1,0.520208053495473,0,1,0.520208051252513
571,0,1,0.499893249336732,0,1,0.499893249366614
572,0,1,0.499854659230976,0,1,0.4998546596391
573,0,1,0.499683660092164,0,1,0.499683660092538
576,0,1,0.498958112934415,0,1,0.498958115258423
577,0,1,0.49993735450517,0,1,0.499937354608053
579,0,1,0.499876717913617,0,1,0.499876718
581,0,1,0.499048049468746,0,1,0.499048059385616
583,0,1,0.49973453257976,0,1,0.499734532655217
584,0,1,0.4999065534906,0,1,0.499906565481197
586,-2.77555756156289e-17,1,0.499242234600115,0,1,0.49924223824358
587,0,1,0.499849296117289,0,1,0.499849299689449
588,0,1,0.499701830272346,0,1,0.499701830921942
590,0,1,0.499726169741032,0,1,0.499726172941341
591,0,1,0.499934779732406,0,1,0.499934779734166
593,0,1,0.499925380786527,0,1,0.499925381637067
594,0,1,0.499881747012483,0,1,0.499881748365936
595,0,1,0.49973873803939,0,1,0.499738738045501
596,0,1,0.499539761414566,0,1,0.499539767626833
597,0,1,0.497994933862263,0,1,0.497994941543898
599,0,1,0.499804338602447,0,1,0.499804340766247
600,0,1,0.499931718628124,0,1,0.499931718876349
601,0,1,0.499517423240287,0,1,0.499517424212105
602,0,1,0.499867161351155,0,1,0.499867162550194
603,0,1,0.499484441008115,0,1,0.499484442826298
604,0,1,0.499883285836036,0,1,0.49988328978678
605,0,1,0.499824634452993,0,1,0.499824634472779
606,0,1,0.499596989453934,0,1,0.499596989569012
607,0,1,0.499695498084166,0,1,0.499695500669359
609,0,1,0.499650271580901,0,1,0.499650276180321
611,0,1,0.499625506417731,0,1,0.499625511965728
612,0,1,0.499935987520844,0,1,0.499935987835553
613,0,1,0.499855616665846,0,1,0.499855619416762
615,0,1,0.499947128681355,0,1,0.499947128710652
616,0,1,0.499528075276616,0,1,0.499528078738595
618,0,1,0.499905129153905,0,1,0.499905129503466
620,0,1,0.499565054289312,0,1,0.499565062649876
623,0,1,0.499882792128236,0,1,0.499882792129129
624,0,1,0.499766626508895,0,1,0.499766628100341
625,0,1,0.499890375258399,0,1,0.499890375265971
628,0,1,0.499734373432222,0,1,0.499734375554804
630,0,1,0.499745427517743,0,1,0.499745430147811
631,0,1,0.499919375992857,0,1,0.499919375993424
634,0,1,0.499901730982803,0,1,0.499901736260772
635,0,1,0.499912075184583,0,1,0.499912075189917
637,0,1,0.499877588715766,0,1,0.499877589050782
639,0,1,0.499795770428895,0,1,0.499795770514427
640,0,1,0.499893380002656,0,1,0.499893379958677
641,0,1,0.499881464749994,0,1,0.499881464828036
642,0,1,0.49986917580538,0,1,0.4998691760589
643,0,1,0.499848040724667,0,1,0.499848040739502
645,0,1,0.499931666729796,0,1,0.499931666894492
646,0,1,0.499928912209169,0,1,0.49992891293439
647,0,1,0.129017923056411,0,1,0.499730990670141
648,0,1,0.499799821222143,0,1,0.499799822261284
649,0,1,0.44426085857606,0,1,0.444261046830965
651,0,1,0.499517906171424,0,1,0.499517914079292
652,0,1,0.499581831834529,0,1,0.499581833323588
654,0,1,0.499772442590349,0,1,0.499772444059171
655,0,1,0.499870563526766,0,1,0.499870563532486
657,0,1,0.499858236726477,0,1,0.49985824038702
658,0,1,0.499910143248404,0,1,0.49991014432673
659,0,1,0.49965710300157,0,1,0.49965710733985
660,0,1,0.49966861750445,0,1,0.499668628336826
661,0,1,0.499818671288048,0,1,0.499818672243344
662,0,1,0.499595766621431,0,1,0.499595777312904
664,0,1,0.499530761334386,0,1,0.499530770744328
665,0,1,0.499874106767275,0,1,0.499874106896028
666,0,1,0.499894731978616,0,1,0.499894732049188
667,0,1,0.499568591189446,0,1,0.499568594298916
668,0,1,0.499859054935477,0,1,0.499859054935687
669,0,1,0.499855472141327,0,1,0.499855472172463
670,0,1,0.499739987587009,0,1,0.499739987587251
671,0,1,0.499926268020843,0,1,0.499926268266346
674,-1.38777878078145e-17,1,0.499873288511595,0,1,0.49987328852905
675,0,1,0.49988671799596,0,1,0.499886719527304
676,0,1,0.499935342903716,0,1,0.49993534307565
677,0,1,0.499819226125737,0,1,0.499819226125737
678,0,1,0.499652075842724,0,1,0.499652080806882
679,0,1,0.499789625505388,0,1,0.499789625523491
680,0,1,0.499855419306209,0,1,0.499855419351763
681,0,1,0.499606196226524,0,1,0.499606197327672
682,0,1,0.499913930722802,0,1,0.499913931431383
683,0,1,0.498644620487695,0,1,0.498644625853094
685,0,1,0.499683283249737,0,1,0.499683283257585
686,0,1,0.499731092679984,0,1,0.499731092837434
687,0,1,0.499754765771943,0,1,0.499754765773724
689,0,1,0.499731543772413,0,1,0.499731540680727
691,0,1,0.499934499878943,0,1,0.499934500223766
692,0,1,0.499927151892723,0,1,0.499927151923567
694,0,1,0.499702201286362,0,1,0.499702202641937
695,0,1,0.499868063723017,0,1,0.499868063966606
696,0,1,0.499655420056098,0,1,0.499655420577659
697,0,1,0.499765616089874,0,1,0.499765616729441
698,0,1,0.499825573828989,0,1,0.499825580235076
699,0,1,0.499907463616687,0,1,0.499907464426007
700,0,1,0.499813249583109,0,1,0.499813249583129
702,0,1,0.499695144653455,0,1,0.499695144666565
704,0,1,0.499867465046616,0,1,0.499867465543195
705,0,1,0.499800086331558,0,1,0.499800086536054
707,0,1,0.499861742472648,0,1,0.499861742801085
709,0,1,0.499919321371084,0,1,0.499919321371915
713,0,1,0.499786094056992,0,1,0.499786094675471
714,0,1,0.49980420293153,0,1,0.49980420293153
716,0,1,0.499827147612609,0,1,0.499827149778463
718,0,1,0.49973713743047,0,1,0.499737137504393
719,0,1,0.49957263952552,0,1,0.499572639527737
724,0,1,0.499937535156182,0,1,0.499937535172122
725,0,1,0.497247185108485,0,1,0.497247189448144
726,0,1,0.499907145634651,0,1,0.499907145635621
727,0,1,0.499667090421027,0,1,0.499667092935914
729,0,1,0.49975457332995,0,1,0.499754576630279
730,0,1,0.10022501651195,0,1,0.100258005802167
731,0,1,0.499668176808665,0,1,0.4996681807985
733,0,1,0.49992691004872,0,1,0.499926910083331
737,0,1,0.499907771178471,0,1,0.499907771243952
739,0,1,0.499849979542577,0,1,0.499849982063095
740,0,1,0.499866148930542,0,1,0.499866149315651
742,0,1,0.499853566529206,0,1,0.499853566619545
743,0,1,0.499905476738577,0,1,0.499905476746342
745,0,1,0.499560685740714,0,1,0.499560685740714
746,0,1,0.499654470672814,0,1,0.499654471935443
747,0,1,0.499858519475987,0,1,0.499858519482356
748,0,1,0.499906835072328,0,1,0.499906836387023
749,0,1,0.499875679311104,0,1,0.499875679313169
751,0,1,0.499622661278958,0,1,0.499622661343031
752,0,1,0.499820860061611,0,1,0.499820860084791
753,0,1,0.499852572281249,0,1,0.499852572297038
754,-2.77555756156289e-17,1,0.499741250066024,0,1,0.499741250138905
755,0,1,0.499209958856529,0,1,0.499209962139552
756,0,1,0.499762481246935,0,1,0.499762484323233
758,0,1,0.499932013839684,0,1,0.499932014159017
759,0,1,0.499577034697751,0,1,0.499577034709109
761,0,1,0.499720917749974,0,1,0.499720920250183
762,0,1,0.499913295906569,0,1,0.499913296539565
763,0,1,0.49957267408553,0,1,0.499572674476369
766,0,1,0.499766734211254,0,1,0.499766743097161
767,0,1,0.499856216524188,0,1,0.499856220184126
768,0,1,0.499937572212841,0,1,0.499937572226724
770,0,1,0.499811677355527,0,1,0.49981168283342
772,0,1,0.499860232859086,0,1,0.499860233048624
773,0,1,0.499911018434524,0,1,0.499911018507314
774,0,1,0.499907793911251,0,1,0.499907793952985
776,0,1,0.499591486228325,0,1,0.499591486465234
777,0,1,0.494632489172792,0,1,0.494632498727431
779,0,1,0.499710749181842,0,1,0.49971075044403
781,0,1,0.498824366929164,0,1,0.498824371825607
782,0,1,0.499721790044437,0,1,0.499721790960213
784,-8.67361737988404e-19,1,0.499820722667802,0,1,0.499820723673716
785,0,1,0.22156895948379,0,1,0.221585340424322
787,0,1,0.499708254962902,0,1,0.499708255091589
788,0,1,0.499823436299225,0,1,0.499823436503142
792,0,1,0.499788107949398,0,1,0.499788112885305
793,0,1,0.499709779463484,0,1,0.499709780209253
795,0,1,0.499853527401207,0,1,0.499853527428423
797,0,1,0.499868551328746,0,1,0.499868551341644
799,0,1,0.499563321501046,0,1,0.499563327424318
802,0,1,0.499896628206823,0,1,0.49989662820765
803,0,1,0.49976907705006,0,1,0.499769077118062
804,0,1,0.499679032300894,0,1,0.49967903394549
805,0,1,0.499676736428354,0,1,0.499676736481598
807,-3.46944695195361e-18,1,0.499864946232483,0,1,0.499864947722698
808,0,1,0.499738651163808,0,1,0.499738651206539
809,0,1,0.499847018702601,0,1,0.49984702047755
812,0,1,0.49965599613601,0,1,0.499655996239734
816,0,1,0.499686238047336,0,1,0.499686238084671
817,0,1,0.499893547229813,0,1,0.4998935477104
819,0,1,0.499720310619659,0,1,0.499720311151883
821,0,1,0.499771561811543,0,1,0.499771561821441
823,0,1,0.499859093349748,0,1,0.499859095015306
825,0,1,0.499847506942658,0,1,0.499847508327443
827,-2.77555756156289e-17,1,0.499546511199543,0,1,0.499546511272782
828,0,1,0.499575847865668,0,1,0.499575847875931
833,0,1,0.499715601403865,0,1,0.499715603620478
834,0,1,0.499824269834915,0,1,0.499824269982535
836,0,1,0.499505180088638,0,1,0.499505181697789
838,0,1,0.499792701942294,0,1,0.49979270405937
839,0,1,0.499649441979067,0,1,0.499649441968389
843,0,1,0.499651144624837,0,1,0.499651144733849
844,0,1,0.49972582216823,0,1,0.49972582216823
847,0,1,0.499914785811422,0,1,0.499914785895525
850,0,1,0.499894206492115,0,1,0.499894206631107
852,0,1,0.499582537437797,0,1,0.499582546237623
854,0,1,0.499597797738368,0,1,0.499597797882363
856,0,1,0.499861907424365,0,1,0.499861909486047
861,0,1,0.499270089905774,0,1,0.499270096810723
863,0,1,0.499804593932818,0,1,0.499804596179215
865,0,1,0.499761347891888,0,1,0.499761348670487
866,0,1,0.499778854456938,0,1,0.499778854850634
867,0,1,0.499644060340437,0,1,0.499644062517784
868,0,1,0.499656708318227,0,1,0.499656711285058
870,0,1,0.499729819232571,0,1,0.499729819552043
871,0,1,0.499688846480188,0,1,0.499688847060181
872,0,1,0.499849918953184,0,1,0.49984991904579
875,0,1,0.499783301124603,0,1,0.499783302119727
876,0,1,0.499668203923775,0,1,0.499668204030602
877,-2.77555756156289e-17,1,0.499708794715455,0,1,0.499708795175213
878,0,1,0.499752696061233,0,1,0.499752696068997
880,0,1,0.499484261633443,0,1,0.499484263068749
882,0,1,0.49953999112765,0,1,0.499539992589496
883,0,1,0.499676794974913,0,1,0.499676797887864
888,0,1,0.499871640143778,0,1,0.499871640212468
889,0,1,0.499786878696322,0,1,0.499786883691374
891,0,1,0.499809218278642,0,1,0.499809224704624
892,0,1,0.499803971979131,0,1,0.499803971993649
893,0,1,0.499925147085689,0,1,0.499925147140359
894,0,1,0.499649652132245,0,1,0.499649652711199
898,0,1,0.499432020851546,0,1,0.499432023781859
899,0,1,0.499902003269961,0,1,0.499902003292137
900,0,1,0.499691351117873,0,1,0.49969136166025
901,0,1,0.49978487073305,0,1,0.499784871286405
902,0,1,0.499531585465436,0,1,0.499531589195282
903,0,1,0.499717462609862,0,1,0.499717467562717
904,0,1,0.499534987777416,0,1,0.499534988638916
905,0,1,0.321099908460997,0,1,0.321107221207172
906,0,1,0.499724531339231,0,1,0.499724533023526
907,0,1,0.499722251251983,0,1,0.499722256107036
909,0,1,0.497259361581068,0,1,0.497259372165748
912,0,1,0.49968971752688,0,1,0.499689719621105
914,0,1,0.49942695592229,0,1,0.499426961867479
915,0,1,0.499553532946702,0,1,0.499553533884017
918,0,1,0.499577745288527,0,1,0.499577745374833
919,0,1,0.494871365772212,0,1,0.494871374812915
920,0,1,0.499705984862077,0,1,0.499705990034983
921,0,1,0.49970805539136,0,1,0.499708055418866
923,0,1,0.499428836817839,0,1,0.499428846331495
924,0,1,0.498577614816531,0,1,0.498577616430369
925,0,1,0.499587681957087,0,1,0.49958768210852
927,0,1,0.499877745364344,0,1,0.499877745480077
929,0,1,0.49962068324757,0,1,0.499620689626319
932,0,1,0.499740354421882,0,1,0.499740354909869
933,0,1,0.499900812578061,0,1,0.499900813549479
934,0,1,0.499426513635862,0,1,0.499426519520597
936,0,1,0.499705665923986,0,1,0.499705666041421
938,0,1,0.499591590382304,0,1,0.499591594956178
940,0,1,0.499657024833895,0,1,0.499657024833895
941,0,1,0.499620196415342,0,1,0.499620201613953
943,0,1,0.499868380184847,0,1,0.499868380269022
947,0,1,0.499804115572573,0,1,0.499804115572735
949,0,1,0.499740227937979,0,1,0.499740228523683
951,0,1,0.49976964059867,0,1,0.499769647671265
953,0,1,0.49970521308056,0,1,0.499705213324663
956,0,1,0.499381695424902,0,1,0.499381698720326
958,0,1,0.499619307711645,0,1,0.499619307835111
959,0,1,0.499779919692583,0,1,0.499779919766082
964,0,1,0.499651761980753,0,1,0.499651761982267
966,0,1,0.499886978893823,0,1,0.499886978894399
968,0,1,0.103531635573943,0,1,0.103531659798535
970,0,1,0.49956027767028,0,1,0.499560278910254
971,0,1,0.499738888835155,0,1,0.499738888835155
975,0,1,0.499831798356354,0,1,0.499831798396121
977,0,1,0.499802926665977,0,1,0.499802927319741
978,0,1,0.499765617726823,0,1,0.499765617745822
980,0,1,0.499421621759753,0,1,0.499421630190099
981,0,1,0.499772073666061,0,1,0.499772074225451
982,0,1,0.499736401180661,0,1,0.49973640534557
983,0,1,0.499847062516648,0,1,0.49984706254552
985,0,1,0.499856432175492,0,1,0.499856432175492
991,0,1,0.49972529651652,0,1,0.499725296630524
992,0,1,0.49970280046631,0,1,0.499702801061723
993,0,1,0.499577003442624,0,1,0.499577003506911
994,0,1,0.499725573056368,0,1,0.499725573067866
995,0,1,0.499673836047017,0,1,0.499673836097906
1000,0,1,0.458630838304799,0,1,0.458630868922002
1001,0,1,0.499818390607555,0,1,0.499818390928336
1002,0,1,0.499778534488421,0,1,0.499778535616547
1007,0,1,0.499586544169223,0,1,0.499586544684386
1010,0,1,0.499692995739841,0,1,0.49969299604118
1011,0,1,0.499659120043252,0,1,0.49965912030668
1012,0,1,0.499604938215755,0,1,0.499604938215862
1014,0,1,0.499740170373615,0,1,0.49974017037363
1016,0,1,0.498792405345032,0,1,0.498792413227521
1019,0,1,0.499846698042208,0,1,0.499846698084062
1020,0,1,0.499735932720366,0,1,0.499735933884404
1021,0,1,0.499572390372709,0,1,0.499572397992008
1024,0,1,0.499831257361655,0,1,0.499831257443266
1025,0,1,0.499667044562179,0,1,0.499667044658015
1028,0,1,0.499734863101128,0,1,0.499734863305444
1030,0,1,0.499590516149723,0,1,0.499590517090417
1031,0,1,0.49974482971919,0,1,0.499744830980482
1033,0,1,0.499235377143481,0,1,0.499235388934247
1037,0,1,0.499043389996742,0,1,0.499043397325253
1038,0,1,0.499716545890777,0,1,0.499716545892365
1042,0,1,0.499791686244436,0,1,0.499791686244436
1046,0,1,0.499683749165718,0,1,0.499683749832613
1051,0,1,0.499616617265475,0,1,0.4996166209869
1054,0,1,0.499716324248595,0,1,0.499716324253194
1055,0,1,0.499700743497002,0,1,0.499700744036921
1060,0,1,0.499575583086297,0,1,0.499575586170405
1061,0,1,0.499752093815584,0,1,0.499752100474187
1062,0,1,0.499844004058701,0,1,0.49984400430116
1065,-2.77555756156289e-17,1,0.499853485396298,0,1,0.499853485643913
1068,0,1,0.499698354395332,0,1,0.499698354395332
1069,0,1,0.499797704422752,0,1,0.499797705857604
1073,0,1,0.499591061484077,0,1,0.499591061484077
1075,0,1,0.49972512669427,0,1,0.499725126780182
1078,0,1,0.49975609925292,0,1,0.499756099518867
1079,0,1,0.499455352956663,0,1,0.499455353863782
1080,0,1,0.499812676293524,0,1,0.499812676305673
1083,0,1,0.49970307934008,0,1,0.499703079425163
1088,0,1,0.49959162575265,0,1,0.499591632320347
1093,0,1,0.49977910805329,0,1,0.499779108209659
1094,0,1,0.499554829607938,0,1,0.499554829832223
1097,-2.77555756156289e-17,1,0.499769718366964,0,1,0.499769718487195
1098,0,1,0.499251267597315,0,1,0.499251272314041
1103,0,1,0.499666413422701,0,1,0.499666416812316
1107,0,1,0.484860280566927,0,1,0.48486029056751
1109,0,1,0.499732837037795,0,1,0.499732837168607
1110,0,1,0.499682892063267,0,1,0.499682892090375
1111,0,1,0.499703185061241,0,1,0.499703193083385
1116,0,1,0.499674497391993,0,1,0.499674498740514
1118,0,1,0.499683768530403,0,1,0.499683768709228
1121,0,1,0.49974224640573,0,1,0.499742246518464
1124,0,1,0.499721773594622,0,1,0.499721782106266
1130,0,1,0.49973583209506,0,1,0.499735832765913
1132,0,1,0.499868646731404,0,1,0.499868646747671
1145,0,1,0.499548658313234,0,1,0.499548658640952
1149,0,1,0.499717332620287,0,1,0.499717332625525
1150,0,1,0.499541166574511,0,1,0.499541166574602
1151,0,1,0.499567019488972,0,1,0.499567019635126
1159,0,1,0.499728773874541,0,1,0.499728772547624
1166,0,1,0.48694839118993,0,1,0.486948396729314
1186,0,1,0.499667637671501,0,1,0.499667640320533
1190,0,1,0.0411800786131543,0,1,0.0411801836850492
1193,0,1,0.499329243293686,0,1,0.499329244569166
1196,0,1,0.4996039247922,0,1,0.499603925114885
1201,0,1,0.499575358098302,0,1,0.499575358098382
1203,0,1,0.499537571109009,0,1,0.49953757217407
1238,0,1,0.499715907757115,0,1,0.499715908360642
